user_id,item_predict
0,252 416 44 383 389 356 149 493 264 4 232 358
1,94 417 166 418 479 470 485 206 298 372 157 41
2,220 490 217 190 146 376 122 389 40 402 199 358
3,3 475 51 13 358 106 74 11 416 68 62 469
4,157 315 329 17 390 242 495 234 414 470 153 299
5,206 354 475 443 21 157 20 165 421 234 402 290
6,453 125 470 134 475 238 402 198 135 77 65 79
7,185 25 199 301 216 47 245 27 133 49 38 176
8,389 79 28 146 272 144 267 237 20 27 29 479
9,1 18 147 126 457 148 323 84 31 369 397 240
10,279 32 54 18 34 38 117 474 422 133 267 211
11,60 35 139 346 20 479 138 144 313 202 63 39
12,40 42 186 143 192 1 296 274 41 43 103 457
13,213 265 80 12 276 156 3 476 154 343 252 23
14,97 148 224 352 156 283 434 4 45 458 192 47
15,496 142 48 254 436 259 321 465 399 50 49 52
16,281 357 69 56 422 334 152 61 135 462 78 158
17,448 113 489 59 359 52 180 314 155 429 0 57
18,338 140 213 488 69 5 63 447 374 61 281 381
19,20 224 217 413 433 253 479 494 490 358 313 259
20,18 178 48 483 205 68 20 380 29 5 140 211
21,493 342 1 184 496 487 233 468 436 174 104 91
22,421 244 149 37 69 72 488 339 107 132 474 34
23,305 235 410 354 409 369 34 94 76 477 416 223
24,78 256 84 206 475 68 487 433 64 79 123 319
25,241 370 431 175 177 273 186 453 138 61 300 57
26,495 83 81 385 180 202 485 156 217 64 434 126
27,389 28 138 158 16 201 33 385 10 245 146 72
28,185 199 18 384 106 466 91 68 89 190 355 131
29,454 253 69 458 52 48 487 405 179 9 35 254
30,253 98 438 456 186 80 300 177 8 61 279 151
31,488 411 72 244 470 126 13 99 43 226 75 205
32,177 283 389 358 132 103 157 273 63 472 102 11
33,81 193 446 27 319 195 214 58 1 8 43 272
34,187 153 159 321 186 299 66 225 31 309 371 69
35,26 108 305 312 445 41 219 493 355 185 347 417
36,488 104 412 365 436 419 157 95 259 281 117 45
37,42 84 357 485 13 169 74 104 247 156 163 145
38,342 61 221 247 202 344 346 43 118 364 129 138
39,475 426 27 120 121 242 261 483 190 265 75 396
40,29 42 453 215 419 356 405 285 348 125 265 52
41,232 371 83 358 247 93 43 169 364 99 462 229
42,75 56 422 496 91 309 294 44 82 454 436 347
43,199 410 42 454 142 146 167 264 488 131 132 384
44,452 159 21 443 90 171 478 375 496 335 421 72
45,199 453 139 460 425 456 268 140 213 232 494 307
46,21 141 500 372 170 264 458 421 105 327 347 142
47,342 183 243 150 126 159 155 222 144 273 184 302
48,30 148 259 147 146 325 431 47 32 27 190 319
49,20 148 301 319 216 269 200 217 436 343 420 289
50,401 470 8 280 417 356 151 402 416 308 441 366
51,216 458 164 154 197 156 470 269 460 155 153 377
52,97 425 93 410 336 279 387 362 13 329 239 138
53,436 327 428 40 179 128 405 199 316 423 479 388
54,112 327 116 127 477 34 82 287 154 91 185 481
55,160 400 125 183 84 397 202 291 284 309 82 490
56,1 90 356 41 340 494 52 10 413 191 26 120
57,304 18 253 446 144 488 233 168 165 59 35 166
58,223 184 167 19 168 28 219 144 305 286 35 131
59,424 20 169 68 13 238 464 133 44 170 141 500
60,261 178 140 415 446 425 136 72 303 177 189 265
61,232 3 185 12 485 47 206 356 69 460 8 52
62,241 97 117 439 225 128 362 158 98 179 88 80
63,47 258 422 420 266 323 232 30 194 176 494 53
64,82 372 105 177 26 332 66 83 178 167 123 67
65,160 32 176 190 332 150 48 352 485 204 458 189
66,338 84 293 490 492 186 1 415 231 336 288 148
67,125 17 440 236 259 377 315 443 416 156 184 296
68,401 443 244 379 258 469 398 399 191 189 304 190
69,297 79 480 370 473 162 474 314 231 180 82 287
70,10 84 334 39 185 202 201 427 147 49 47 68
71,252 204 406 421 489 113 429 27 482 16 352 47
72,106 258 377 185 220 84 483 283 32 420 453 462
73,165 204 207 280 209 162 493 212 485 349 433 13
74,356 348 61 323 257 387 469 44 149 80 337 90
75,146 211 29 477 389 84 343 468 177 163 495 288
76,397 45 389 47 299 376 470 349 321 252 383 75
77,202 241 417 82 400 478 129 4 144 431 409 181
78,358 124 463 3 90 220 418 178 156 78 39 12
79,161 343 219 91 83 489 401 375 456 492 441 13
80,313 217 200 199 494 220 113 54 380 365 441 331
81,205 61 28 191 148 211 280 244 144 127 120 134
82,313 217 205 209 296 337 374 223 105 385 126 119
83,422 90 236 487 420 150 162 319 290 109 326 379
84,398 220 138 86 141 228 193 342 3 68 171 364
85,192 68 19 212 61 146 97 254 72 141 369 155
86,382 146 240 347 79 247 379 206 449 232 233 47
87,186 351 238 416 204 239 307 358 388 444 297 153
88,412 358 343 219 286 399 239 279 130 32 281 202
89,458 358 387 495 52 237 244 38 43 153 336 349
90,274 417 378 11 161 31 468 245 47 194 127 118
91,347 228 69 155 314 21 265 370 157 0 33 387
92,249 67 426 202 86 396 240 419 300 412 15 10
93,252 436 204 275 498 411 378 334 272 409 197 467
94,142 34 301 475 493 490 25 293 279 78 326 259
95,304 336 114 97 52 315 90 26 323 110 426 233
96,334 126 202 188 196 427 325 82 256 328 355 113
97,446 490 428 184 71 234 296 115 279 245 361 61
98,298 69 94 318 164 175 191 232 258 307 257 22
99,93 426 16 432 467 213 139 370 311 216 220 253
100,132 61 44 222 18 280 281 230 166 41 462 114
101,42 14 268 72 411 263 301 37 316 155 333 135
102,242 252 483 395 82 244 65 195 238 289 265 352
103,475 300 417 267 485 390 25 165 18 197 28 182
104,147 126 59 41 52 14 119 133 236 267 417 296
105,390 377 486 400 428 146 68 253 414 17 360 371
106,329 350 459 421 130 281 153 284 199 493 184 41
107,267 374 71 495 54 252 89 425 412 355 117 485
108,81 453 349 395 237 129 225 110 194 72 196 489
109,178 90 118 279 419 31 41 19 464 188 68 311
110,321 151 216 338 457 198 177 409 212 372 111 468
111,357 204 8 385 460 93 77 421 305 379 288 33
112,337 379 389 45 296 341 220 49 454 391 253 425
113,246 52 276 468 239 249 101 311 277 97 359 309
114,280 29 199 151 268 308 88 298 416 210 489 346
115,301 156 84 278 44 142 300 230 412 32 27 224
116,280 12 388 20 303 479 21 121 342 389 407 184
117,259 383 142 72 184 83 388 75 133 241 484 62
118,259 488 27 314 129 421 69 72 456 409 282 233
119,132 97 488 460 356 279 456 378 141 393 498 63
120,439 262 95 287 204 388 25 128 309 241 332 169
121,300 154 410 358 290 286 391 21 4 33 412 335
122,48 153 137 483 417 174 18 327 68 156 20 251
123,285 153 221 73 272 223 119 378 389 452 300 356
124,80 333 262 33 16 244 447 285 274 57 20 387
125,304 242 230 381 199 313 446 302 142 462 224 377
126,389 399 139 495 101 312 287 480 15 256 427 341
127,61 337 238 214 147 205 139 161 421 459 307 305
128,160 406 385 441 207 204 431 148 202 79 260 203
129,165 113 117 245 166 163 206 247 475 220 199 486
130,348 456 433 56 180 219 156 395 282 132 280 71
131,490 0 269 257 289 315 132 219 460 437 384 195
132,254 334 370 55 26 110 157 375 300 349 491 403
133,280 485 436 196 444 412 20 314 55 175 357 160
134,199 219 87 90 165 476 150 471 437 94 439 498
135,80 12 103 463 240 398 374 113 359 291 266 155
136,434 18 114 315 84 119 453 166 283 319 357 284
137,24 319 135 166 287 42 43 302 82 316 468 72
138,106 68 301 259 417 412 140 252 356 487 373 11
139,413 456 138 75 97 171 38 481 50 336 180 218
140,29 319 139 232 52 315 416 483 140 154 107 246
141,413 74 115 133 23 97 75 32 170 151 481 27
142,212 503 209 321 159 285 90 196 63 401 372 267
143,173 410 209 300 384 68 268 347 149 422 339 142
144,401 138 88 376 176 466 119 481 162 441 335 270
145,416 154 299 161 200 70 80 13 246 184 339 335
146,225 495 201 185 231 413 226 337 349 283 439 69
147,161 29 410 300 351 139 189 159 252 323 93 211
148,483 206 238 127 20 173 416 282 34 165 328 118
149,260 97 52 327 405 239 336 101 254 488 328 202
150,389 414 422 104 229 487 382 138 349 431 57 134
151,146 331 296 141 205 6 237 287 259 26 307 234
152,495 71 354 446 305 34 202 475 333 493 311 55
153,495 188 485 84 218 138 192 303 128 82 244 332
154,242 323 333 468 11 176 156 105 422 53 81 315
155,38 191 132 167 61 127 453 35 471 366 479 336
156,166 210 331 91 420 249 371 233 117 133 316 421
157,275 249 73 315 235 23 480 1 463 355 213 476
158,47 69 462 104 90 84 77 129 244 68 488 125
159,38 350 440 244 214 358 39 286 193 107 49 495
160,273 216 41 382 108 444 414 481 341 49 175 460
161,272 240 281 323 420 144 119 181 407 416 228 213
162,343 188 233 468 239 220 54 218 83 11 82 24
163,197 170 195 148 434 272 478 315 124 136 177 192
164,280 69 236 346 301 450 30 308 399 154 159 470
165,453 132 251 327 358 382 419 177 410 240 347 311
166,61 9 20 147 165 112 119 91 267 6 279 69
167,417 252 483 238 387 360 392 406 94 305 274 4
168,146 348 454 346 437 359 470 387 42 155 305 497
169,10 111 287 370 490 349 18 116 281 71 159 53
170,241 48 231 264 5 349 77 409 363 425 466 352
171,383 54 127 72 159 341 229 241 262 486 52 281
172,478 423 296 375 325 67 304 265 340 268 27 82
173,412 4 47 229 132 104 8 207 485 423 27 219
174,61 496 22 470 362 421 255 280 484 501 418 234
175,8 184 105 427 93 51 313 453 124 88 56 302
176,91 269 150 358 253 351 487 289 477 76 64 306
177,453 82 89 39 45 413 244 347 333 394 33 3
178,10 199 272 410 84 418 387 258 170 217 381 483
179,258 301 82 341 423 439 67 325 175 417 100 86
180,496 145 120 202 121 255 481 305 422 361 82 18
181,468 82 241 20 382 79 158 54 52 417 144 373
182,389 283 97 27 12 90 304 242 8 462 146 211
183,271 291 264 419 403 78 412 208 129 205 206 240
184,275 341 199 226 402 197 206 269 244 349 274 414
185,127 369 401 105 239 470 412 8 473 58 351 187
186,152 168 26 89 413 20 450 261 56 481 265 165
187,77 251 45 171 383 219 372 288 90 20 438 456
188,410 264 274 327 105 8 88 262 31 132 141 206
189,226 249 110 411 6 396 2 453 413 237 191 196
190,169 49 11 402 413 353 247 341 378 422 61 113
191,90 151 372 459 126 432 305 214 198 425 383 395
192,20 440 159 113 461 210 171 240 494 188 356 412
193,365 70 204 325 492 11 264 356 409 390 375 458
194,1 160 18 258 352 378 232 372 314 299 104 53
195,346 249 81 169 261 354 290 26 24 245 127 33
196,352 393 87 408 453 132 460 42 280 197 272 347
197,244 282 379 139 431 169 37 108 314 214 223 445
198,269 10 487 140 13 284 304 151 29 56 356 369
199,142 498 313 42 5 119 183 144 53 474 309 458
200,350 134 355 253 468 31 3 24 447 187 86 397
201,10 487 72 143 422 55 456 233 319 127 4 174
202,288 485 314 295 2 84 78 272 360 108 434 431
203,305 77 32 202 79 415 448 323 146 481 394 357
204,12 334 401 273 53 202 120 116 420 474 200 351
205,389 6 72 461 371 75 134 311 112 410 367 161
206,317 144 492 477 191 90 485 349 421 481 17 27
207,146 209 90 127 61 481 403 254 297 205 71 274
208,70 253 300 398 249 15 379 37 252 486 365 120
209,479 223 305 72 358 180 55 186 354 319 454 429
210,273 446 458 444 331 382 71 374 168 116 278 230
211,435 106 170 460 89 197 118 217 192 13 225 296
212,31 154 21 259 280 476 209 417 118 126 477 14
213,142 192 222 371 80 490 495 299 434 257 438 48
214,272 279 313 32 363 495 390 448 138 277 500 385
215,183 397 470 206 152 24 131 4 19 320 225 299
216,42 412 104 84 135 318 301 258 398 452 152 33
217,11 425 413 139 282 37 94 90 8 13 379 169
218,114 385 311 49 241 495 179 144 453 18 370 313
219,411 334 225 419 485 39 489 241 495 179 318 169
220,414 271 443 422 72 146 107 426 104 333 247 38
221,201 281 350 364 463 103 271 301 174 260 422 241
222,360 126 217 146 34 488 242 10 298 147 443 286
223,31 447 477 411 456 196 387 274 229 28 176 134
224,52 157 49 338 354 331 276 55 375 95 17 1
225,44 282 176 300 338 286 2 427 389 83 156 137
226,289 170 410 74 418 456 458 153 82 325 158 450
227,241 139 33 93 268 70 59 426 306 309 111 187
228,153 154 80 102 427 129 244 289 28 443 34 358
229,41 259 412 434 413 262 263 20 417 281 279 444
230,409 144 401 285 176 222 137 62 446 438 302 372
231,474 63 252 427 439 82 230 153 265 495 72 100
232,152 78 53 269 72 242 413 178 434 323 349 274
233,55 113 53 159 351 191 7 17 402 161 383 301
234,155 313 424 219 394 52 147 428 37 342 253 256
235,229 401 52 439 69 236 437 311 148 307 257 285
236,56 487 29 71 473 105 448 295 317 57 483 397
237,106 370 76 18 407 391 32 274 185 424 228 154
238,352 68 210 424 44 79 498 307 369 397 95 6
239,38 409 139 466 422 289 404 43 476 21 271 170
240,422 295 153 199 69 219 265 337 104 174 53 314
241,151 160 209 3 458 295 126 149 253 336 56 365
242,341 73 14 153 193 160 392 76 460 378 350 294
243,393 326 421 411 153 454 230 33 323 281 274 217
244,475 423 389 20 6 349 48 146 11 302 56 241
245,359 146 425 75 78 14 144 348 45 237 424 13
246,314 389 69 370 20 31 473 402 164 252 111 165
247,377 139 386 232 121 452 62 207 488 323 115 261
248,426 445 16 311 288 102 262 294 330 333 374 408
249,1 210 106 151 282 212 346 409 18 225 428 455
250,347 290 313 240 407 33 133 300 392 249 186 145
251,370 314 91 232 170 486 119 398 475 111 140 234
252,137 349 470 185 483 300 309 9 335 162 467 370
253,426 302 148 202 239 428 6 408 390 44 79 423
254,44 299 2 142 56 13 246 107 123 37 473 301
255,226 412 179 415 243 89 470 405 125 377 86 151
256,120 308 39 280 476 478 54 199 213 226 458 274
257,183 104 166 68 448 433 61 15 399 301 316 178
258,85 94 47 106 405 235 175 226 285 495 214 252
259,31 399 458 504 48 350 169 473 56 123 364 209
260,481 33 347 102 486 391 32 39 28 371 167 397
261,456 438 142 490 49 308 301 61 467 289 339 280
262,251 209 358 202 49 73 306 392 4 2 221 177
263,48 319 72 438 6 170 315 140 114 103 413 148
264,252 115 173 114 42 37 57 246 209 230 169 413
265,69 62 446 81 280 373 371 383 465 443 14 143
266,199 165 75 235 36 470 76 226 329 244 411 17
267,153 258 259 0 329 424 129 414 382 298 200 280
268,89 63 10 347 244 416 39 187 84 398 264 362
269,258 84 439 421 389 241 65 126 119 104 115 461
270,151 383 396 80 110 184 437 168 370 350 293 120
271,295 76 37 48 347 416 351 155 13 235 401 248
272,18 115 286 301 370 325 326 94 390 410 223 124
273,389 387 447 134 21 247 297 231 391 458 481 274
274,498 206 425 356 327 410 423 97 67 86 140 411
275,80 470 491 53 171 492 302 393 203 154 137 87
276,466 495 354 379 66 213 399 432 45 474 450 385
277,77 383 415 48 153 259 365 33 120 174 325 269
278,18 158 153 448 355 493 462 50 38 165 245 113
279,274 206 17 314 358 26 238 256 262 42 337 475
280,258 401 165 308 480 151 123 277 56 147 487 28
281,258 305 185 84 242 290 405 412 446 68 173 393
282,16 199 295 40 495 264 5 381 326 281 468 211
283,165 206 18 259 446 354 49 281 156 83 327 10
284,357 468 166 326 91 504 209 465 319 417 16 86
285,370 94 389 311 45 275 404 220 28 405 92 377
286,112 69 370 220 47 186 205 405 490 472 436 140
287,420 468 132 417 372 144 136 209 109 80 418 126
288,223 27 47 50 245 94 206 113 489 422 406 184
289,316 146 315 176 99 341 436 196 172 203 480 30
290,67 35 344 61 238 301 483 124 128 391 337 68
291,470 216 88 8 262 184 107 273 158 357 9 397
292,331 334 371 372 239 298 103 139 244 217 311 218
293,350 146 428 410 72 489 253 423 184 69 323 209
294,273 140 462 42 369 406 245 421 5 33 137 135
295,302 5 115 462 314 173 457 374 276 333 199 458
296,84 326 389 178 214 504 485 369 321 162 166 196
297,199 300 311 415 294 34 379 143 40 491 371 391
298,166 347 145 178 422 481 498 413 453 102 411 170
299,146 440 331 338 41 377 252 57 274 325 62 446
300,316 178 47 13 42 359 126 376 249 346 241 94
301,214 327 305 59 223 161 11 418 414 453 153 145
302,77 207 286 68 380 18 135 496 451 154 390 10
303,249 496 125 241 403 422 457 481 48 316 405 436
304,20 173 41 473 200 460 232 18 206 52 352 301
305,363 188 267 484 475 220 146 78 422 280 229 279
306,159 258 166 231 316 412 66 456 48 12 374 238
307,219 47 104 20 499 276 124 16 444 172 299 398
308,422 349 105 288 258 1 170 389 301 137 27 80
309,64 203 235 388 310 156 416 41 169 474 410 386
310,487 72 241 245 59 272 119 370 166 28 23 147
311,114 313 173 342 306 42 409 60 222 29 327 303
312,174 196 120 411 307 10 129 334 349 64 77 126
313,286 144 13 420 42 273 244 264 475 309 209 205
314,209 32 126 105 39 214 383 212 290 356 323 64
315,296 115 87 161 52 138 481 330 126 436 456 13
316,356 283 481 267 419 243 422 467 305 209 382 128
317,144 490 241 156 350 210 72 300 483 206 311 420
318,194 48 323 486 243 73 308 199 452 92 107 19
319,177 303 3 478 14 6 213 279 62 48 118 127
320,478 221 498 399 64 148 84 134 6 436 371 52
321,454 156 102 135 58 146 214 179 335 409 331 114
322,174 493 407 61 192 199 221 321 38 448 368 325
323,433 166 88 174 155 440 158 219 173 468 476 39
324,195 72 335 147 319 422 209 247 28 129 465 32
325,487 466 31 413 255 39 224 411 8 244 245 68
326,436 185 384 398 325 370 58 491 439 483 432 399
327,285 454 167 164 397 262 223 105 351 286 220 466
328,15 119 302 181 475 490 348 405 176 316 272 166
329,203 144 279 188 275 113 135 213 424 68 437 348
330,241 411 61 134 281 352 379 366 305 337 334 65
331,113 117 331 54 106 76 327 470 424 472 154 133
332,202 476 210 355 154 297 382 498 219 17 87 90
333,206 240 446 165 313 359 10 258 363 336 448 453
334,41 458 425 270 263 171 299 469 287 210 107 215
335,478 13 188 224 215 375 264 250 176 437 104 226
336,16 288 326 72 428 28 165 257 336 75 79 102
337,439 242 285 401 51 358 251 106 433 124 91 428
338,485 295 427 99 477 140 238 10 241 385 188 446
339,18 165 197 118 434 453 132 161 32 475 284 91
340,31 274 358 401 143 355 69 157 299 220 54 417
341,422 319 72 47 123 68 56 343 94 336 18 165
342,106 280 55 356 196 112 65 289 4 157 444 82
343,258 104 52 115 271 421 269 113 234 47 488 10
344,44 175 21 117 214 453 452 185 443 359 31 349
345,75 166 301 16 262 206 78 128 439 102 134 413
346,218 319 201 406 244 24 409 209 76 195 446 29
347,285 153 98 462 251 214 260 48 360 397 17 399
348,206 214 358 258 83 104 389 151 479 114 402 84
349,412 244 355 69 333 313 119 205 228 263 0 98
350,224 83 8 458 156 42 334 159 151 474 194 251
351,192 460 32 108 327 170 444 281 223 79 497 91
352,286 493 204 314 18 262 421 280 253 381 463 80
353,365 80 280 61 54 82 255 126 473 422 120 98
354,258 29 219 212 411 129 78 385 453 279 157 417
355,436 397 272 105 478 424 296 240 91 181 401 161
356,85 458 64 28 430 43 186 206 498 159 491 204
357,265 18 225 469 310 206 253 72 314 290 371 320
358,230 334 335 354 193 76 154 228 68 460 44 95
359,230 72 173 184 79 83 412 251 127 480 10 240
360,151 148 26 411 456 338 477 149 72 90 327 28
361,358 140 341 335 336 285 445 433 429 58 85 454
362,261 144 147 479 483 235 213 373 311 442 94 157
363,365 438 417 182 176 153 38 138 446 81 174 77
364,33 374 272 279 436 203 101 116 28 485 385 31
365,176 389 358 154 461 231 365 403 206 140 255 284
366,436 487 480 262 48 287 90 422 405 188 66 342
367,427 43 264 319 274 56 104 289 241 384 443 10
368,72 258 397 98 363 82 177 358 20 178 51 124
369,156 159 218 202 454 219 456 69 410 61 448 332
370,64 458 160 186 125 352 213 157 376 32 265 84
371,413 0 143 263 252 409 114 259 488 394 90 418
372,486 68 91 383 488 28 137 63 103 355 263 276
373,458 32 160 299 391 465 141 106 496 295 28 365
374,90 177 61 415 185 391 14 226 359 118 390 245
375,287 267 21 453 298 294 281 410 138 286 425 176
376,126 224 184 246 88 163 276 260 407 459 160 52
377,209 196 79 159 456 5 195 308 493 215 101 244
378,486 192 91 216 466 68 0 232 369 475 327 352
379,347 486 300 241 274 476 270 396 48 61 194 370
380,355 252 178 489 276 64 34 433 99 349 358 478
381,20 412 160 204 307 358 300 252 279 42 141 127
382,214 476 145 424 258 347 307 453 252 87 139 318
383,249 281 341 97 4 192 224 475 229 282 445 504
384,389 490 447 280 230 229 371 360 69 312 118 272
385,242 374 397 1 31 265 190 483 297 450 105 238
386,184 56 168 209 465 495 107 257 247 104 50 212
387,79 301 330 132 146 8 71 495 423 428 188 106
388,476 28 30 18 32 439 128 423 240 283 90 23
389,188 160 370 412 393 55 450 275 34 56 284 305
390,123 343 110 162 407 418 10 441 240 447 280 55
391,389 438 40 101 47 26 194 382 110 467 493 463
392,47 386 121 159 412 357 94 0 458 423 132 138
393,4 364 217 72 385 241 223 24 155 158 21 143
394,341 287 94 77 120 433 240 440 491 319 492 300
395,72 241 411 126 13 259 133 329 226 97 21 148
396,258 129 301 147 342 451 102 10 138 424 191 245
397,137 178 23 295 314 42 419 487 410 128 283 72
398,436 83 229 355 383 82 168 20 282 296 77 298
399,120 287 470 411 5 393 305 187 467 397 61 6
400,47 272 72 389 160 27 203 76 252 46 14 410
401,144 31 222 219 232 28 294 370 269 358 239 493
402,92 358 128 261 359 137 290 335 133 495 34 9
403,462 265 14 86 205 401 91 26 383 357 425 20
404,103 463 52 375 360 44 238 314 334 175 485 26
405,349 299 489 31 141 249 372 264 81 420 197 201
406,38 264 142 485 295 56 404 395 231 78 312 114
407,384 81 258 492 423 82 42 443 358 111 206 218
408,200 21 425 166 32 242 329 73 157 226 10 361
409,148 179 410 295 200 170 325 127 312 386 319 62
410,267 176 212 355 28 64 401 379 15 255 128 306
411,413 20 412 167 240 209 199 288 177 154 420 2
412,271 232 369 107 258 183 400 483 126 328 469 205
413,456 386 351 242 252 61 82 311 177 391 300 350
414,224 139 185 373 370 319 37 396 72 430 138 155
415,451 253 400 265 3 406 52 336 153 454 242 365
416,117 344 15 176 458 348 146 132 486 365 302 216
417,385 49 465 140 205 209 231 438 139 388 241 347
418,341 105 203 8 20 502 31 27 196 493 363 160
419,377 73 90 83 242 305 281 393 45 347 153 25
420,398 185 376 306 452 12 341 78 54 83 243 432
421,47 489 144 361 170 224 232 425 446 421 196 501
422,387 331 18 265 348 454 56 44 31 238 433 483
423,20 417 80 155 177 397 26 46 359 218 339 38
424,305 241 437 67 125 198 9 96 121 279 228 134
425,393 67 200 61 352 369 301 178 187 421 361 311
426,361 443 258 191 32 154 166 406 279 97 375 132
427,88 489 419 52 128 421 476 39 326 26 385 291
428,135 68 437 106 142 333 119 376 72 224 59 412
429,20 347 253 486 316 232 489 341 500 260 327 391
430,330 157 52 63 387 325 321 254 259 252 389 171
431,32 103 342 214 258 150 28 135 475 484 244 43
432,43 191 10 146 147 251 349 201 17 426 317 449
433,49 107 83 18 421 37 232 14 416 178 161 323
434,159 160 246 150 55 66 229 476 39 164 453 273
435,77 300 280 415 388 501 491 63 199 221 486 490
436,385 347 44 127 203 149 272 177 446 395 69 138
437,241 300 489 225 305 426 303 99 178 424 193 218
438,47 494 431 364 221 308 273 439 138 466 465 30
439,370 497 306 337 406 319 396 274 254 486 415 79
440,186 76 174 11 219 171 168 442 387 85 257 433
441,160 419 157 317 284 97 496 315 9 31 130 489
442,199 43 490 98 458 352 149 145 141 416 103 249
443,274 200 498 156 202 389 166 307 86 253 206 62
444,32 468 209 321 166 324 319 151 190 419 470 397
445,26 325 135 72 305 338 452 316 403 263 375 108
446,443 124 494 470 337 185 14 193 398 154 6 148
447,190 218 42 489 9 358 497 194 383 280 347 444
448,235 30 350 96 336 141 411 244 123 213 419 440
449,477 365 302 21 280 105 496 313 262 380 408 73
450,324 82 229 111 61 183 28 423 300 485 33 377
451,174 141 3 88 173 171 355 166 485 157 72 147
452,146 456 460 233 7 141 483 55 28 406 26 346
453,184 219 460 413 168 362 331 230 174 289 494 20
454,191 372 401 18 423 90 17 286 75 289 396 443
455,237 420 188 496 407 261 456 80 465 372 428 243
456,387 196 203 42 14 285 359 389 427 72 47 238
457,310 32 105 468 319 188 205 489 156 11 174 25
458,349 47 306 224 485 151 27 46 8 411 75 487
459,365 106 252 199 176 107 165 377 347 336 289 406
460,451 139 220 166 450 496 31 448 431 261 302 465
461,470 239 28 147 437 88 338 185 349 374 5 214
462,449 61 265 173 48 66 425 326 186 120 307 110
463,385 1 448 326 18 31 132 394 323 480 306 145
464,281 33 370 76 0 55 402 246 110 3 101 274
465,290 338 305 410 311 301 197 300 151 106 182 226
466,201 127 10 84 178 304 389 287 449 214 312 116
467,39 154 56 44 465 504 502 123 487 237 437 129
468,281 196 433 330 24 91 4 128 459 117 16 358
469,305 460 481 403 239 351 182 75 503 24 68 391
470,188 301 15 59 236 166 35 148 267 342 313 126
471,229 57 318 305 497 169 273 35 223 76 460 64
472,211 49 144 68 48 404 205 360 71 32 33 309
473,220 72 146 204 423 493 348 387 469 189 229 213
474,416 127 186 406 49 91 203 421 280 356 493 16
475,84 148 379 10 20 216 28 9 125 146 200 81
476,103 487 127 139 138 40 192 252 66 234 91 93
477,48 417 20 72 393 241 483 433 355 414 135 99
478,41 202 466 199 481 274 338 108 176 331 390 344
479,168 490 84 25 186 149 119 115 233 244 133 97
480,6 171 116 495 370 388 34 443 219 141 381 124
481,32 43 18 101 286 253 125 193 203 401 6 145
482,75 162 439 421 5 90 194 412 470 184 155 8
483,49 43 18 296 119 225 153 180 430 223 474 404
484,389 378 261 358 84 383 481 193 285 354 404 51
485,32 475 352 449 79 310 8 144 445 106 408 21
486,4 192 240 226 89 10 80 359 31 238 152 230
487,90 243 358 262 109 335 222 275 233 151 181 410
488,475 349 137 48 343 488 24 244 272 458 389 123
489,424 332 55 26 134 396 504 176 161 456 280 159
490,446 383 105 265 431 44 148 46 339 485 42 348
491,252 261 265 357 73 168 31 442 214 200 350 9
492,309 281 146 246 125 107 114 485 162 470 476 480
493,240 327 150 410 147 111 245 388 467 460 359 91
494,333 372 384 301 174 199 393 61 451 43 257 307
495,127 436 235 493 190 294 82 184 361 414 168 21
496,478 384 121 365 355 252 228 189 73 425 198 476
497,79 305 230 448 467 421 382 232 320 5 355 478
498,420 336 326 17 150 185 176 274 214 141 337 395
499,446 327 206 488 314 378 259 126 305 263 52 234
500,410 146 302 107 406 295 440 117 303 136 224 416
501,300 313 137 126 63 491 378 241 61 360 461 256
502,281 474 287 228 117 492 388 302 407 438 139 363
503,358 333 20 98 276 457 67 137 426 354 2 132
504,244 150 89 164 374 425 490 184 339 215 28 181
505,173 483 18 313 310 157 319 155 139 267 90 363
506,206 234 446 190 495 281 139 202 189 466 186 431
507,458 313 167 37 279 103 473 42 188 223 357 309
508,477 219 422 40 101 43 47 232 193 363 148 207
509,13 178 160 398 34 185 127 72 483 436 496 187
510,90 339 173 446 170 439 404 489 413 321 335 25
511,315 48 382 67 503 285 333 490 229 123 247 124
512,482 410 34 178 89 127 286 167 191 262 44 481
513,186 91 487 503 190 151 392 351 338 320 462 226
514,295 178 179 242 78 408 369 312 6 151 84 169
515,436 386 411 25 438 138 431 451 47 60 169 491
516,382 68 280 91 389 376 210 127 215 19 101 426
517,264 24 57 154 128 401 268 102 97 412 118 58
518,166 28 254 160 377 264 76 13 354 165 456 448
519,406 185 75 259 107 146 252 347 316 348 469 106
520,97 137 206 75 308 78 406 271 15 190 176 310
521,431 456 241 2 146 460 351 9 44 490 50 379
522,235 469 229 95 223 238 198 67 4 320 167 34
523,20 489 150 244 17 193 361 162 379 173 18 317
524,319 321 299 449 387 171 127 134 3 180 69 370
525,413 104 259 433 284 272 216 252 410 479 316 432
526,21 389 193 75 342 267 137 314 246 365 51 290
527,188 376 114 422 350 134 381 140 424 484 99 349
528,219 179 14 199 187 58 417 343 3 412 47 333
529,149 281 80 157 355 119 153 165 460 112 377 179
530,349 313 167 41 390 458 280 185 287 144 327 341
531,437 48 478 401 175 12 279 4 79 484 226 15
532,279 166 305 412 334 147 253 467 470 183 103 426
533,242 199 107 119 323 333 486 302 396 370 306 395
534,288 355 210 382 127 3 373 297 129 308 2 84
535,194 162 47 160 68 426 336 420 437 172 258 135
536,251 221 139 54 150 232 399 438 308 407 184 379
537,140 83 425 223 286 261 81 343 416 115 267 264
538,449 495 295 487 321 264 135 132 503 393 379 45
539,351 347 148 69 46 53 165 402 158 105 49 341
540,50 490 142 404 415 179 279 273 275 166 48 247
541,285 279 63 54 396 394 59 460 318 17 118 348
542,289 325 404 319 358 193 384 492 218 413 80 154
543,0 185 298 475 387 84 259 314 246 434 111 276
544,191 106 153 101 412 181 48 204 6 295 261 231
545,395 164 155 221 18 311 392 378 364 203 157 233
546,264 112 142 154 105 487 410 123 4 498 259 494
547,503 272 240 456 372 17 75 199 379 68 378 431
548,188 272 144 58 104 241 295 1 135 446 424 422
549,137 490 42 145 294 229 181 124 465 493 9 226
550,267 376 219 327 47 173 434 91 186 495 305 42
551,127 264 347 383 235 404 354 296 428 385 111 272
552,488 144 446 354 432 113 134 383 150 420 397 331
553,416 20 479 120 168 16 315 94 98 1 217 419
554,344 176 32 258 55 24 453 406 87 129 134 203
555,358 114 364 239 5 44 253 486 426 64 48 109
556,492 18 287 159 271 206 215 365 9 174 488 179
557,459 264 478 213 42 178 184 323 289 401 106 5
558,103 254 2 375 127 44 72 13 314 52 173 205
559,462 11 166 265 143 323 33 300 465 23 379 66
560,52 279 69 387 369 176 133 277 203 17 450 358
561,84 186 42 487 389 145 475 165 62 119 91 143
562,313 341 95 487 331 252 436 454 254 121 387 491
563,389 352 183 272 209 356 285 401 173 283 98 417
564,410 313 416 494 47 127 8 365 336 309 302 327
565,31 485 313 69 307 9 186 189 68 153 104 51
566,311 45 237 144 223 281 489 423 119 202 196 456
567,14 446 369 487 76 173 0 313 424 234 256 331
568,28 196 238 456 65 454 113 427 234 223 26 338
569,38 477 21 209 368 258 81 4 105 238 118 34
570,401 91 90 83 417 184 155 142 439 492 212 129
571,454 387 147 118 482 286 360 160 68 161 127 214
572,454 10 385 242 418 468 114 417 316 458 476 387
573,300 486 289 362 361 42 0 13 166 479 220 5
574,52 480 436 21 106 254 160 265 496 458 485 13
575,191 106 165 285 18 466 403 305 26 10 401 198
576,192 82 348 389 265 406 204 387 137 104 111 433
577,20 21 176 61 48 44 241 485 138 147 112 226
578,326 302 146 39 229 414 38 243 349 200 145 475
579,416 61 405 448 279 417 389 309 455 1 186 278
580,119 258 252 31 498 475 483 191 9 305 266 154
581,314 424 52 289 44 111 356 264 436 458 307 56
582,191 258 235 238 37 1 424 4 352 271 451 356
583,359 216 282 192 387 10 279 143 202 300 1 0
584,7 150 183 285 352 179 148 38 243 126 388 66
585,193 486 319 451 66 83 68 147 400 81 201 406
586,68 21 117 265 84 387 420 31 78 44 483 115
587,206 327 281 72 127 348 159 201 364 258 200 323
588,384 61 49 131 206 219 343 465 149 375 260 320
589,149 145 272 80 21 103 402 188 323 334 247 447
590,0 437 243 146 59 158 269 106 376 73 441 486
591,92 303 199 134 255 105 191 431 336 128 385 64
592,305 216 379 300 358 269 42 234 458 259 490 410
593,201 192 254 328 387 334 10 216 400 66 427 356
594,79 388 487 342 460 77 89 503 286 150 351 408
595,249 389 149 148 107 415 82 372 309 37 28 51
596,52 372 456 487 33 311 1 382 504 282 48 393
597,436 310 313 114 12 5 220 490 156 342 496 127
598,342 110 477 44 323 458 382 468 389 113 206 55
599,37 314 376 290 107 146 47 439 306 170 132 83
600,427 196 370 486 359 325 365 224 348 442 331 193
601,279 12 460 385 203 73 286 193 107 301 62 3
602,135 352 129 102 190 98 69 321 369 113 174 242
603,196 474 373 209 72 334 42 410 224 188 61 38
604,77 301 45 379 54 437 330 88 325 176 165 475
605,18 219 97 434 490 336 304 32 174 371 149 294
606,243 216 346 151 127 298 38 20 28 68 273 316
607,34 302 434 387 477 95 468 21 309 139 369 416
608,360 69 372 105 1 244 67 290 103 119 205 450
609,159 153 417 323 293 111 48 3 134 126 214 205
610,383 202 249 370 64 375 426 480 63 417 220 504
611,265 490 94 370 462 495 484 415 386 355 153 464
612,83 272 115 77 412 322 202 240 460 178 323 119
613,97 147 40 342 265 454 170 335 21 36 199 120
614,422 147 18 61 280 180 389 427 314 355 242 137
615,331 31 411 160 431 177 299 173 489 59 469 270
616,164 55 226 244 73 170 269 20 355 106 309 110
617,327 265 361 103 69 436 341 66 440 27 45 77
618,81 283 206 370 467 258 217 372 420 270 220 326
619,292 257 12 494 280 297 456 144 211 266 433 97
620,53 279 236 32 69 80 316 437 267 40 189 361
621,127 265 484 383 97 385 187 19 180 480 449 244
622,425 173 293 34 467 68 483 11 370 46 171 110
623,261 421 236 132 372 170 489 152 354 323 5 376
624,281 78 3 70 220 179 188 79 141 37 465 277
625,337 356 95 387 79 120 205 12 499 238 267 27
626,272 385 325 496 198 477 166 259 157 277 448 64
627,489 468 387 242 162 323 0 350 281 116 411 11
628,217 114 151 63 4 253 144 21 126 79 479 502
629,372 149 138 489 304 228 214 472 247 19 194 445
630,201 178 191 301 300 90 293 183 449 470 75 438
631,39 40 168 111 416 103 243 184 375 254 52 490
632,439 75 25 185 281 287 490 300 364 259 326 31
633,68 333 192 412 300 104 301 142 488 492 254 186
634,485 275 323 175 223 228 272 281 273 411 397 222
635,175 209 129 196 488 199 323 349 331 183 117 379
636,446 157 467 316 349 243 99 231 1 378 110 0
637,42 410 354 271 255 401 406 63 195 372 176 137
638,243 69 428 156 85 263 6 314 407 397 25 392
639,216 323 68 273 6 106 364 38 264 135 398 41
640,423 355 265 30 219 216 467 446 65 358 289 220
641,157 492 83 436 383 256 59 78 333 487 297 374
642,145 157 144 347 467 105 258 420 217 374 289 325
643,286 98 110 230 101 456 327 77 95 453 193 87
644,82 192 62 204 191 280 177 63 148 79 383 438
645,158 7 383 485 331 373 256 275 243 162 155 38
646,183 206 372 1 225 271 301 245 282 307 498 118
647,487 89 426 310 333 391 321 151 368 493 364 306
648,495 490 204 249 52 457 151 5 122 154 112 312
649,456 425 90 186 446 188 84 393 503 408 416 178
650,425 390 192 288 452 371 331 129 49 473 194 168
651,453 370 411 349 405 137 415 372 409 270 348 335
652,177 373 259 461 307 62 61 68 372 499 377 198
653,490 72 120 167 156 225 280 305 217 45 1 496
654,504 21 110 154 407 168 447 309 52 166 126 16
655,72 347 305 394 425 456 343 319 83 352 410 90
656,41 355 472 385 417 130 310 74 399 369 387 390
657,144 120 25 126 477 408 393 490 6 80 249 33
658,300 21 178 470 73 80 137 75 463 97 242 53
659,47 438 19 389 457 252 376 5 472 357 45 329
660,383 80 389 272 492 260 312 184 256 82 5 386
661,358 67 18 395 157 470 384 423 373 496 441 154
662,338 226 12 103 32 415 33 349 72 28 199 375
663,39 249 170 243 350 91 51 129 179 277 281 328
664,110 258 396 129 185 205 305 128 225 120 478 55
665,490 185 9 97 187 25 19 137 167 419 354 308
666,494 431 418 302 139 159 468 341 157 326 105 32
667,209 42 157 324 441 244 467 265 229 93 39 230
668,338 186 157 1 214 261 178 307 107 120 252 71
669,2 105 262 82 296 205 360 56 41 361 347 19
670,370 475 3 460 398 189 150 456 336 359 242 302
671,409 0 107 175 81 153 30 411 380 396 438 132
672,98 425 252 193 165 31 286 426 314 119 209 287
673,229 406 186 153 88 73 159 97 77 146 216 212
674,410 412 179 112 65 301 404 47 12 439 449 385
675,460 483 289 313 439 356 241 111 7 126 419 330
676,107 117 11 277 214 176 487 271 20 481 274 310
677,358 185 502 213 411 306 309 206 387 202 116 318
678,252 204 389 313 63 38 385 453 206 427 35 403
679,68 127 289 191 141 483 220 352 89 258 372 243
680,80 39 387 158 247 21 473 178 475 300 44 313
681,252 289 423 311 266 325 341 119 456 218 254 60
682,213 129 488 372 196 5 30 336 191 451 66 366
683,142 140 472 64 230 127 483 486 34 48 415 170
684,69 127 130 384 148 113 369 97 307 423 347 203
685,275 334 76 398 387 84 266 223 176 446 91 210
686,120 1 440 446 307 199 493 86 10 72 101 88
687,128 88 144 274 133 458 441 283 199 43 270 41
688,240 80 470 192 237 79 146 272 53 407 137 120
689,213 426 488 463 349 23 299 374 327 260 149 313
690,420 272 283 173 319 425 245 286 374 344 426 411
691,487 90 466 148 13 224 351 157 21 26 348 375
692,68 127 220 416 420 334 84 133 281 319 201 474
693,424 147 10 476 421 489 258 363 115 165 323 193
694,330 106 117 331 162 439 102 240 267 274 33 185
695,18 477 422 314 253 34 146 453 33 32 409 86
696,497 153 282 102 446 154 413 382 427 202 158 383
697,485 371 426 245 265 44 31 114 409 261 263 27
698,325 44 251 20 171 485 97 27 269 475 13 93
699,419 231 91 380 160 225 392 409 453 62 19 39
700,445 155 129 341 159 291 153 83 212 391 482 308
701,77 21 488 390 446 338 144 290 176 432 447 115
702,338 325 436 151 1 13 228 128 176 323 262 186
703,450 371 285 399 385 393 489 37 460 263 455 499
704,160 468 155 41 247 305 156 407 370 85 232 392
705,261 465 192 63 49 490 416 217 151 388 498 415
706,475 458 141 235 28 249 88 160 434 350 17 444
707,38 252 179 25 241 89 329 274 200 352 258 440
708,258 490 363 173 355 232 149 420 72 216 305 229
709,377 114 61 484 401 238 11 281 171 270 37 309
710,400 134 486 188 424 274 1 124 301 54 238 370
711,168 12 401 48 338 5 469 373 177 490 348 185
712,80 411 18 281 126 318 441 21 452 154 102 245
713,242 63 191 443 253 438 466 332 473 395 79 320
714,146 213 176 151 476 243 156 203 224 338 489 299
715,1 258 389 262 288 271 171 436 272 0 146 287
716,186 313 104 229 137 339 49 154 477 95 209 382
717,39 199 499 338 178 465 411 263 409 274 326 281
718,178 82 293 439 184 483 83 485 107 341 395 89
719,146 48 135 423 437 307 6 79 11 40 414 466
720,40 423 160 415 199 412 436 309 439 131 95 148
721,72 498 206 77 389 165 487 97 247 315 183 157
722,175 300 143 4 183 462 424 357 331 142 244 132
723,229 192 57 327 91 106 495 38 311 401 428 216
724,20 428 397 262 142 288 79 339 137 37 483 460
725,327 132 219 148 423 410 232 388 479 24 446 95
726,425 12 427 456 89 56 243 8 347 446 106 11
727,226 79 319 137 181 411 114 306 436 113 355 348
728,25 164 6 177 363 255 319 354 249 378 40 316
729,252 40 371 190 94 478 147 47 403 250 213 282
730,456 414 242 126 40 60 175 408 142 302 199 50
731,334 209 10 357 166 126 127 481 169 348 392 472
732,356 390 114 38 395 94 258 37 239 401 369 249
733,313 252 177 82 289 428 224 111 372 243 221 277
734,458 365 294 287 157 46 230 213 425 262 106 70
735,24 25 170 391 156 6 154 32 43 118 281 501
736,476 155 156 334 113 213 467 130 419 102 390 137
737,13 238 315 249 244 151 99 254 356 460 424 333
738,377 463 402 155 281 164 347 419 363 102 390 0
739,179 159 25 9 24 3 212 188 488 490 59 150
740,355 157 29 410 499 273 368 469 464 425 73 264
741,202 266 409 185 119 183 477 64 78 441 98 53
742,387 230 144 454 76 423 334 275 95 13 129 220
743,44 436 279 213 127 412 375 38 218 36 254 348
744,160 273 475 203 61 13 448 341 387 280 80 261
745,127 113 273 48 241 242 264 438 152 57 456 383
746,361 66 249 421 440 26 443 259 33 358 35 181
747,161 300 426 489 255 252 179 225 143 450 72 364
748,341 222 214 28 62 258 154 307 146 485 11 282
749,372 44 349 80 185 321 286 309 32 391 378 48
750,107 326 355 46 396 106 369 151 61 462 323 328
751,146 411 461 0 281 42 288 39 373 185 26 91
752,331 196 137 123 117 433 423 82 129 94 95 133
753,244 156 175 17 77 67 233 383 394 436 229 181
754,470 89 291 248 58 239 63 130 398 157 313 362
755,120 412 434 259 415 393 48 226 370 425 18 282
756,325 146 249 226 495 59 301 225 141 338 81 140
757,210 282 42 144 391 107 33 357 313 124 479 308
758,270 153 216 283 467 470 300 420 337 266 62 188
759,49 305 422 251 277 348 186 73 181 31 156 188
760,476 63 298 434 347 79 10 84 88 454 82 444
761,1 18 242 424 153 54 238 162 390 331 473 307
762,42 290 240 158 373 67 105 410 199 446 359 139
763,78 138 75 439 422 242 31 363 346 315 333 188
764,312 258 398 6 199 152 480 19 276 492 46 405
765,413 419 412 438 323 397 90 192 420 166 31 140
766,219 395 433 249 134 24 104 401 67 47 17 277
767,325 259 358 129 190 494 413 22 126 128 473 366
768,237 389 206 165 465 461 146 42 449 284 124 93
769,219 240 188 352 348 218 71 169 20 46 156 202
770,231 422 310 473 79 466 347 238 101 152 490 488
771,359 201 240 266 167 1 78 14 26 272 285 70
772,490 134 225 89 355 163 488 249 168 440 436 500
773,294 110 493 55 479 372 418 198 261 174 249 402
774,113 494 89 217 440 20 239 249 397 412 25 390
775,18 37 230 389 279 395 131 274 30 112 199 44
776,382 42 300 385 72 83 410 309 469 383 238 286
777,63 85 47 5 179 273 41 290 486 34 50 140
778,370 205 319 47 415 425 349 436 321 412 142 480
779,69 493 97 110 369 486 431 241 244 233 232 311
780,117 414 313 469 281 365 249 74 271 168 40 98
781,75 376 132 119 192 276 268 342 222 371 474 346
782,249 169 421 11 223 458 194 468 497 51 168 351
783,192 319 296 212 321 219 240 165 232 256 161 300
784,240 323 272 350 383 162 239 181 331 440 252 173
785,148 232 269 86 69 10 188 94 191 344 251 34
786,104 468 171 43 346 389 180 270 337 212 436 422
787,57 273 90 177 1 199 259 54 329 431 233 120
788,144 18 252 319 145 439 90 127 482 173 462 11
789,460 352 253 251 485 199 403 150 32 504 483 87
790,31 331 226 175 341 118 86 244 218 258 325 201
791,101 258 173 69 27 382 442 230 392 144 215 480
792,485 240 272 191 457 285 483 403 313 156 185 344
793,147 69 41 93 89 237 157 245 502 267 354 383
794,77 401 45 176 473 453 212 230 144 88 495 138
795,203 165 18 437 49 19 349 101 374 392 351 189
796,118 487 245 107 497 101 29 426 157 439 282 64
797,400 18 372 119 31 54 149 351 490 465 323 239
798,153 20 485 265 436 47 495 196 285 303 253 191
799,311 488 34 160 67 178 33 54 153 385 267 81
800,196 80 106 143 473 453 421 337 477 402 233 161
801,428 265 273 57 160 140 103 479 441 69 66 420
802,420 273 363 281 133 422 244 134 175 164 428 104
803,72 132 253 219 144 394 283 393 472 16 445 274
804,185 309 52 417 439 300 155 338 95 286 373 142
